reep_id,key_wikidata,name,competition_reep_id
,Q581439,1898 Italian Football Championship,
,Q960412,1899 Italian Football Championship,
,Q221932,1900 Italian Football Championship,
,Q2527209,1900 Uruguayan Primera División,
reep_sc2d76283,Q1071938,1901 Italian Football Championship,
,Q2526914,1901 Uruguayan Primera División,
,Q784344,1902 Italian Football Championship,
,Q367892,1902 Uruguayan Primera División,
,Q246661,1903 Italian Football Championship,
,Q2526920,1903 Uruguayan Primera División,
reep_sd46c0b64,Q1087017,1904 Italian Football Championship,
reep_s70403087,Q1087005,1905 Italian Football Championship,
,Q2526408,1905 Uruguayan Primera División,
reep_s82c624f3,Q1086966,1906 Italian Football Championship,
,Q3557678,1906 SEGAS Championship,
,Q2526398,1906 Uruguayan Primera División,
,Q931957,1906–07 Panhellenic Championship,
reep_s0f394af2,Q1087012,1907 Italian Football Championship,
,Q2526828,1907 Uruguayan Primera División,
,Q795597,1908 Italian Football Championship,
,Q3566229,1908 SEGAS Championship,
,Q931201,1908 Uruguayan Primera División,
,Q3557693,1908–09 Panhellenic Championship,
,Q928795,1909 Italian Football Championship,
,Q2526761,1909 Uruguayan Primera División,
,Q205482,1909–10 Italian Football Championship,
,Q3557582,1910 SEGAS Championship,
,Q738341,1910 Uruguayan Primera División,
reep_s63896eeb,Q1083345,1910–11 Italian Football Championship,
,Q431811,1910–11 SEGAS Championship,
,Q3557630,1911 SEGAS Championship,
,Q2504906,1911 Uruguayan Primera División,
,Q377420,1911–12 Italian Football Championship,
,Q14465887,1912 SEGAS Championship,
,Q2504110,1912 Uruguayan Primera División,
,Q655649,1912–13 Italian Football Championship,
,Q2503870,1913 Uruguayan Primera División,
,Q1675097,1913–14 Italian Football Championship,
,Q2504699,1914 Uruguayan Primera División,
,Q1675098,1914–15 Italian Football Championship,
,Q2504656,1915 Uruguayan Primera División,
,Q2504678,1916 Uruguayan Primera División,
,Q2505414,1917 Uruguayan Primera División,
,Q2505394,1918 Uruguayan Primera División,
,Q1114350,1919 Uruguayan Primera División,
,Q1675095,1919–20 Italian Football Championship,
,Q2504629,1920 Uruguayan Primera División,
,Q1675092,1920–21 Italian Football Championship,
,Q2504645,1921 Uruguayan Primera División,
,Q4561130,1921–22 FCA Championship,
,Q1675091,1921–22 Prima Categoria,
,Q2245619,1921–22 Prima Divisione,
,Q165913,1922 Uruguayan Primera División,
,Q3566256,1922–23 Panhellenic Championship,
,Q1675105,1922–23 Prima Divisione,
,Q165908,1923 Uruguayan Primera División,
,Q1675106,1923–24 Prima Divisione,
,Q181183,1924 Uruguayan Primera División,
,Q943196,1924–25 Allsvenskan,
,Q1675111,1924–25 Prima Divisione,
,Q4561767,1925 Uruguayan Primera División,
,Q264547,1925–26 Allsvenskan,
,Q516954,1925–26 Prima Divisione,
,Q181188,1926 Uruguayan Primera División,
,Q944982,1926–27 Allsvenskan,
,Q1675114,1926–27 Divisione Nazionale,
,Q3911661,1926–27 Prima Divisione,
,Q3953916,1926–27 Seconda Divisione,
,Q217656,1927 Uruguayan Primera División,
,Q944992,1927–28 Allsvenskan,
,Q1601519,1927–28 Divisione Nazionale,
,Q3544914,1927–28 Panhellenic Championship,
,Q217658,1928 Uruguayan Primera División,
,Q945029,1928–29 Allsvenskan,
,Q1675119,1928–29 Divisione Nazionale,
,Q12883001,1928–29 Panhellenic Championship,
,Q3911663,1928–29 Prima Divisione,
,Q695760,1929 La Liga,
,Q400099,1929 Uruguayan Primera División,
,Q516803,1929–30 Allsvenskan,
,Q695752,1929–30 La Liga,
,Q3566779,1929–30 Panhellenic Championship,
,Q3911664,1929–30 Prima Divisione,
,Q826698,1929–30 Serie A,
,Q1960472,1929–30 Serie B,
,Q378068,1930–31 Allsvenskan,
,Q223500,1930–31 La Liga,
,Q3566767,1930–31 Panhellenic Championship,
,Q747635,1930–31 Prima Divisione,
,Q597492,1930–31 Serie A,
,Q2117953,1930–31 Serie B,
,Q391449,1931 Uruguayan Primera División,
reep_sd6577886,Q1061461,1931–32 Allsvenskan,
,Q627898,1931–32 La Liga,
,Q3566748,1931–32 Panhellenic Championship,
,Q3911666,1931–32 Prima Divisione,
,Q763249,1931–32 Serie A,
,Q2117972,1931–32 Serie B,
,Q2629185,1932 Uruguayan Primera División,
,Q639767,1932–33 Allsvenskan,
,Q616704,1932–33 French Division 1,
,Q757305,1932–33 La Liga,
,Q3566695,1932–33 Panhellenic Championship,
,Q3911667,1932–33 Prima Divisione,
,Q614207,1932–33 Serie A,
,Q1888722,1932–33 Serie B,
,Q2629481,1933 Uruguayan Primera División,
,Q761564,1933–34 Allsvenskan,
,Q337934,1933–34 French Division 1,
,Q1231111,1933–34 French Division 2,
,Q757309,1933–34 La Liga,
,Q3566707,1933–34 Panhellenic Championship,
,Q3921477,1933–34 Prima Divisione,
,Q540570,1933–34 Serie A,
,Q1629849,1933–34 Serie B,
,Q783214,1934 Uruguayan Primera División,
reep_sa49598ed,Q1061455,1934–35 Allsvenskan,
,Q616604,1934–35 French Division 1,
,Q1231121,1934–35 French Division 2,
,Q835007,1934–35 La Liga,
,Q12655784,1934–35 Panhellenic Championship,
,Q3921490,1934–35 Prima Divisione,
,Q254550,1934–35 Serie A,
,Q1636348,1934–35 Serie B,
,Q2629297,1935 Uruguayan Primera División,
,Q630639,1935–36 Allsvenskan,
,Q1230781,1935–36 French Division 1,
,Q1231124,1935–36 French Division 2,
,Q740192,1935–36 La Liga,
,Q3566752,1935–36 Panhellenic Championship,
,Q900512,1935–36 Serie A,
,Q1241634,1935–36 Serie B,
,Q3957733,1935–36 Serie C,
,Q2629486,1936 Uruguayan Primera División,
,Q952757,1936–37 Allsvenskan,
,Q1230784,1936–37 French Division 1,
,Q1231125,1936–37 French Division 2,
,Q124219883,1936–37 La Liga,
,Q3566740,1936–37 Panhellenic Championship,
,Q911097,1936–37 Serie A,
,Q1636358,1936–37 Serie B,
,Q3957735,1936–37 Serie C,
,Q669336,1937 Uruguayan Primera División,
reep_s67f90af3,Q1061733,1937–38 Allsvenskan,
,Q1230782,1937–38 French Division 1,
,Q1231126,1937–38 French Division 2,
,Q3566758,1937–38 Panhellenic Championship,
,Q844759,1937–38 Serie A,
,Q1636662,1937–38 Serie B,
,Q3957736,1937–38 Serie C,
,Q964072,1938 Uruguayan Primera División,
reep_s766c9fb7,Q1061701,1938–39 Allsvenskan,
,Q1230791,1938–39 French Division 1,
,Q1231131,1938–39 French Division 2,
,Q3566722,1938–39 Panhellenic Championship,
,Q911089,1938–39 Serie A,
,Q1636370,1938–39 Serie B,
,Q3957737,1938–39 Serie C,
,Q2399312,1939 Uruguayan Primera División,
,Q591232,1939–40 Allsvenskan,
,Q580198,1939–40 La Liga,
,Q3566732,1939–40 Panhellenic Championship,
,Q548311,1939–40 Serie A,
,Q911166,1939–40 Serie B,
,Q3957739,1939–40 Serie C,
,Q1118361,1940 Uruguayan Primera División,
,Q250188,1940–41 Allsvenskan,
,Q839789,1940–41 La Liga,
,Q4564861,1940–41 Panhellenic Championship,
,Q911330,1940–41 Serie A,
,Q1396606,1940–41 Serie B,
,Q3957740,1940–41 Serie C,
,Q2629471,1941 Uruguayan Primera División,
,Q254864,1941–42 Allsvenskan,
,Q834983,1941–42 La Liga,
reep_s3738d9d1,Q105082084,1941–42 Panhellenic Championship,
,Q910671,1941–42 Serie A,
,Q1363326,1941–42 Serie B,
,Q3957743,1941–42 Serie C,
,Q2629457,1942 Uruguayan Primera División,
reep_sd853f2aa,Q1062012,1942–43 Allsvenskan,
,Q540086,1942–43 La Liga,
,Q13624413,1942–43 Panhellenic Championship,
,Q910660,1942–43 Serie A,
,Q1637002,1942–43 Serie B,
,Q3957744,1942–43 Serie C,
,Q2629462,1943 Uruguayan Primera División,
,Q943227,1943–44 Allsvenskan,
,Q224474,1943–44 La Liga,
reep_s38d9d56f,Q105081957,1943–44 Panhellenic Championship,
,Q2629146,1944 Uruguayan Primera División,
reep_s41215531,Q1061697,1944–45 Allsvenskan,
,Q659980,1944–45 La Liga,
reep_s51a025e6,Q104864745,1944–45 Panhellenic Championship,
,Q509694,1945 Uruguayan Primera División,
reep_sfd18ca8f,Q1061613,1945–46 Allsvenskan,
,Q637570,1945–46 French Division 1,
,Q747246,1945–46 French Division 2,
,Q671013,1945–46 La Liga,
,Q3566726,1945–46 Panhellenic Championship,
,Q581109,1945–46 Serie A–B,
,Q3957456,1945–46 Serie B–C,
,Q3957746,1945–46 Serie C,
,Q2629441,1946 Uruguayan Primera División,
reep_sc4458efd,Q1061758,1946–47 Allsvenskan,
,Q1230834,1946–47 French Division 1,
,Q1231133,1946–47 French Division 2,
,Q834952,1946–47 La Liga,
,Q3566700,1946–47 Panhellenic Championship,
,Q425774,1946–47 Serie A,
reep_s869f32a2,Q1053719,1946–47 Serie B,
,Q3957751,1946–47 Serie C,
,Q2629121,1947 Uruguayan Primera División,
reep_s7dd110de,Q1061620,1947–48 Allsvenskan,
,Q1230836,1947–48 French Division 1,
,Q1231136,1947–48 French Division 2,
,Q839792,1947–48 La Liga,
,Q3566742,1947–48 Panhellenic Championship,
,Q853376,1947–48 Serie A,
reep_s1a6eb6b8,Q1053652,1947–48 Serie B,
,Q3957755,1947–48 Serie C,
,Q2629431,1948 Uruguayan Primera División,
reep_sb8c09af0,Q1061774,1948–49 Allsvenskan,
,Q384689,1948–49 French Division 1,
,Q203189,1948–49 French Division 2,
,Q540620,1948–49 La Liga,
,Q3566763,1948–49 Panhellenic Championship,
,Q909441,1948–49 Serie A,
,Q1169334,1948–49 Serie B,
,Q3957757,1948–49 Serie C,
,Q2629035,1949 Uruguayan Primera División,
reep_sd39f2be2,Q1061789,1949–50 Allsvenskan,
,Q368925,1949–50 French Division 1,
,Q264789,1949–50 French Division 2,
,Q776036,1949–50 La Liga,
,Q12655786,1949–50 Panhellenic Championship,
,Q853368,1949–50 Serie A,
reep_s36acec20,Q1053766,1949–50 Serie B,
,Q3957758,1949–50 Serie C,
,Q2629515,1950 Uruguayan Primera División,
,Q612425,1950–51 Allsvenskan,
,Q770642,1950–51 French Division 1,
,Q1231138,1950–51 French Division 2,
,Q524368,1950–51 La Liga,
,Q3566784,1950–51 Panhellenic Championship,
,Q637287,1950–51 Serie A,
,Q1161583,1950–51 Serie B,
,Q3957759,1950–51 Serie C,
,Q2629358,1951 Uruguayan Primera División,
,Q762158,1951–52 Allsvenskan,
,Q1230844,1951–52 French Division 1,
,Q683221,1951–52 French Division 2,
,Q839760,1951–52 La Liga,
,Q12655787,1951–52 Panhellenic Championship,
,Q853386,1951–52 Serie A,
reep_s4305933a,Q1053679,1951–52 Serie B,
,Q367171,1951–52 Serie C,
,Q2629498,1952 Uruguayan Primera División,
reep_s2218681d,Q1061710,1952–53 Allsvenskan,
,Q1228571,1952–53 French Division 1,
,Q1231145,1952–53 French Division 2,
,Q430774,1952–53 La Liga,
,Q3566661,1952–53 Panhellenic Championship,
,Q843507,1952–53 Serie A,
reep_s72efa8e3,Q1053714,1952–53 Serie B,
,Q635796,1952–53 Serie C,
,Q2629509,1953 Uruguayan Primera División,
,Q528504,1953–54 Allsvenskan,
,Q473099,1953–54 French Division 1,
,Q540507,1953–54 French Division 2,
,Q766773,1953–54 La Liga,
,Q3566713,1953–54 Panhellenic Championship,
,Q843502,1953–54 Serie A,
reep_s9434facb,Q1053771,1953–54 Serie B,
,Q3957760,1953–54 Serie C,
,Q2629363,1954 Uruguayan Primera División,
reep_sd3a976ac,Q1061799,1954–55 Allsvenskan,
,Q527334,1954–55 French Division 1,
,Q1231146,1954–55 French Division 2,
,Q834962,1954–55 La Liga,
,Q3566688,1954–55 Panhellenic Championship,
,Q512141,1954–55 Serie A,
reep_sbde6cbda,Q1053711,1954–55 Serie B,
,Q3957761,1954–55 Serie C,
,Q2629018,1955 Uruguayan Primera División,
reep_sb6da6c8d,Q1061605,1955–56 Allsvenskan,
,Q1230864,1955–56 French Division 1,
,Q1231147,1955–56 French Division 2,
,Q389116,1955–56 La Liga,
,Q3566670,1955–56 Panhellenic Championship,
,Q648052,1955–56 Serie A,
reep_s4f00d8ca,Q1053672,1955–56 Serie B,
,Q3957762,1955–56 Serie C,
,Q2629279,1956 Uruguayan Primera División,
reep_s3dfabff4,Q1061430,1956–57 Allsvenskan,
,Q1230871,1956–57 French Division 1,
,Q1231149,1956–57 French Division 2,
,Q585964,1956–57 La Liga,
,Q3566681,1956–57 Panhellenic Championship,
,Q853396,1956–57 Serie A,
reep_s0685ad96,Q1053724,1956–57 Serie B,
,Q3957763,1956–57 Serie C,
,Q2629174,1957 Uruguayan Primera División,
,Q921129,1957–58 Allsvenskan,
,Q531055,1957–58 French Division 1,
,Q1231152,1957–58 French Division 2,
,Q834945,1957–58 La Liga,
,Q3566677,1957–58 Panhellenic Championship,
,Q849500,1957–58 Serie A,
reep_sfa97b46c,Q1053666,1957–58 Serie B,
,Q737683,1957–58 Serie C,
,Q2629274,1958 Uruguayan Primera División,
,Q762265,1958–59 French Division 1,
,Q1231156,1958–59 French Division 2,
,Q743008,1958–59 La Liga,
,Q3566788,1958–59 Panhellenic Championship,
,Q841939,1958–59 Serie A,
reep_s2937daef,Q1053716,1958–59 Serie B,
,Q3957765,1958–59 Serie C,
,Q386264,1959 Allsvenskan,
,Q973744,1959 Uruguayan Primera División,
,Q2720916,1959–60 Alpha Ethniki,
,Q203003,1959–60 French Division 1,
,Q1231163,1959–60 French Division 2,
,Q834978,1959–60 La Liga,
,Q903567,1959–60 Serie A,
reep_s3d8b369f,Q1053701,1959–60 Serie B,
,Q3957764,1959–60 Serie C,
reep_s15da8a0c,Q1061597,1960 Allsvenskan,
,Q2629112,1960 Uruguayan Primera División,
,Q2547161,1960–61 Alpha Ethniki,
,Q1230884,1960–61 French Division 1,
,Q1231160,1960–61 French Division 2,
,Q594278,1960–61 La Liga,
,Q903593,1960–61 Serie A,
,Q3957490,1960–61 Serie B,
,Q3957766,1960–61 Serie C,
,Q955650,1961 Allsvenskan,
,Q2629424,1961 Uruguayan Primera División,
,Q2546597,1961–62 Alpha Ethniki,
,Q1230891,1961–62 French Division 1,
,Q1231162,1961–62 French Division 2,
,Q834968,1961–62 La Liga,
,Q904986,1961–62 Serie A,
,Q3957494,1961–62 Serie B,
,Q3957767,1961–62 Serie C,
,Q630443,1962 Allsvenskan,
,Q2629135,1962 Uruguayan Primera División,
,Q2948825,1962–63 Algerian Championnat National,
,Q2547018,1962–63 Alpha Ethniki,
,Q1230895,1962–63 French Division 1,
,Q1231166,1962–63 French Division 2,
,Q757325,1962–63 La Liga,
,Q847794,1962–63 Serie A,
,Q3957493,1962–63 Serie B,
,Q3957768,1962–63 Serie C,
,Q599818,1963 Allsvenskan,
,Q2629436,1963 Uruguayan Primera División,
,Q2948827,1963–64 Algerian Championnat National,
,Q2546640,1963–64 Alpha Ethniki,
,Q1230916,1963–64 French Division 1,
,Q980290,1963–64 French Division 2,
,Q614841,1963–64 La Liga,
,Q432403,1963–64 Serie A,
,Q3957492,1963–64 Serie B,
,Q3957771,1963–64 Serie C,
reep_s458749c2,Q1061766,1964 Allsvenskan,
,Q2629447,1964 Uruguayan Primera División,
,Q2948828,1964–65 Algerian Championnat National,
,Q2547148,1964–65 Alpha Ethniki,
,Q1230909,1964–65 French Division 1,
,Q1231173,1964–65 French Division 2,
,Q279768,1964–65 La Liga,
,Q847686,1964–65 Serie A,
,Q3957491,1964–65 Serie B,
,Q527428,1964–65 Serie C,
reep_s20f3ff1d,Q1061468,1965 Allsvenskan,
,Q2629352,1965 Uruguayan Primera División,
,Q2948830,1965–66 Algerian Championnat National,
,Q987921,1965–66 Alpha Ethniki,
,Q1230930,1965–66 French Division 1,
,Q1231170,1965–66 French Division 2,
,Q832153,1965–66 La Liga,
,Q781037,1965–66 Serie A,
,Q3957495,1965–66 Serie B,
,Q3957769,1965–66 Serie C,
,Q781793,1966 Allsvenskan,
,Q2629027,1966 Uruguayan Primera División,
,Q2948832,1966–67 Algerian Championnat National,
,Q987928,1966–67 Alpha Ethniki,
,Q567732,1966–67 French Division 1,
,Q1231175,1966–67 French Division 2,
,Q255767,1966–67 La Liga,
,Q569127,1966–67 Serie A,
,Q3957496,1966–67 Serie B,
,Q3957770,1966–67 Serie C,
reep_s471109d2,Q1061489,1967 Allsvenskan,
,Q772121,1967 Uruguayan Primera División,
,Q2948831,1967–68 Algerian Championnat National,
,Q2547081,1967–68 Alpha Ethniki,
,Q264683,1967–68 French Division 1,
,Q962315,1967–68 French Division 2,
,Q757316,1967–68 La Liga,
,Q905007,1967–68 Serie A,
,Q3957497,1967–68 Serie B,
,Q3957772,1967–68 Serie C,
reep_scfd99006,Q1061808,1968 Allsvenskan,
,Q650110,1968 Uruguayan Primera División,
,Q2948834,1968–69 Algerian Championnat National,
,Q2547120,1968–69 Alpha Ethniki,
,Q1230939,1968–69 French Division 1,
,Q1231181,1968–69 French Division 2,
,Q583777,1968–69 La Liga,
,Q903585,1968–69 Serie A,
,Q3957498,1968–69 Serie B,
,Q3957773,1968–69 Serie C,
,Q527222,1969 Allsvenskan,
,Q2629292,1969 Uruguayan Primera División,
,Q2948835,1969–70 Algerian Championnat National,
,Q2547178,1969–70 Alpha Ethniki,
,Q1230944,1969–70 French Division 1,
,Q751035,1969–70 French Division 2,
,Q832182,1969–70 La Liga,
,Q903558,1969–70 Serie A,
,Q3957499,1969–70 Serie B,
,Q3957774,1969–70 Serie C,
reep_s2bcc411b,Q1061741,1970 Allsvenskan,
,Q2629165,1970 Uruguayan Primera División,
,Q2948836,1970–71 Algerian Championnat National,
,Q2547067,1970–71 Alpha Ethniki,
,Q1230958,1970–71 French Division 1,
,Q282481,1970–71 French Division 2,
,Q740738,1970–71 La Liga,
,Q682711,1970–71 Serie A,
,Q289734,1970–71 Serie B,
,Q3957775,1970–71 Serie C,
,Q661366,1971 Allsvenskan,
,Q677781,1971 Uruguayan Primera División,
,Q2948837,1971–72 Algerian Championnat National,
,Q2551700,1971–72 Alpha Ethniki,
,Q1230966,1971–72 French Division 1,
,Q1231182,1971–72 French Division 2,
,Q535351,1971–72 La Liga,
,Q1338341,1971–72 Serie A,
reep_sbe8819a0,Q1053788,1971–72 Serie B,
,Q3957777,1971–72 Serie C,
reep_sdcd5943c,Q1061748,1972 Allsvenskan,
,Q2629285,1972 Uruguayan Primera División,
,Q2948838,1972–73 Algerian Championnat National,
,Q2548696,1972–73 Alpha Ethniki,
,Q547723,1972–73 French Division 1,
,Q1231184,1972–73 French Division 2,
,Q838346,1972–73 La Liga,
,Q1414848,1972–73 Serie A,
reep_sa0ce1e78,Q1053657,1972–73 Serie B,
,Q3957778,1972–73 Serie C,
reep_se8d7165d,Q1061724,1973 Allsvenskan,
,Q2638315,1973 Uruguayan Primera División,
,Q2948840,1973–74 Algerian Championnat National,
,Q2548686,1973–74 Alpha Ethniki,
,Q514882,1973–74 French Division 1,
,Q1231189,1973–74 French Division 2,
,Q751325,1973–74 La Liga,
,Q1414855,1973–74 Serie A,
,Q730866,1973–74 Serie B,
,Q3957779,1973–74 Serie C,
reep_sb292adf2,Q1061719,1974 Allsvenskan,
,Q2640333,1974 Uruguayan Primera División,
,Q2948839,1974–75 Algerian Championnat National,
,Q2548735,1974–75 Alpha Ethniki,
,Q116245,1974–75 French Division 1,
,Q1231191,1974–75 French Division 2,
,Q691425,1974–75 La Liga,
,Q1414835,1974–75 Serie A,
,Q973019,1974–75 Serie B,
,Q3957780,1974–75 Serie C,
,Q526824,1975 Allsvenskan,
,Q2638785,1975 Uruguayan Primera División,
,Q2948841,1975–76 Algerian Championnat National,
,Q2551743,1975–76 Alpha Ethniki,
,Q910722,1975–76 French Division 1,
,Q1231198,1975–76 French Division 2,
,Q241363,1975–76 La Liga,
,Q1414829,1975–76 Serie A,
,Q3957510,1975–76 Serie B,
,Q3957781,1975–76 Serie C,
,Q119176,1976 Allsvenskan,
,Q2638772,1976 Uruguayan Primera División,
,Q2948842,1976–77 Algerian Championnat National,
,Q656295,1976–77 Alpha Ethniki,
,Q1230988,1976–77 French Division 1,
,Q1231194,1976–77 French Division 2,
,Q524472,1976–77 La Liga,
,Q1414841,1976–77 Serie A,
,Q3957512,1976–77 Serie B,
,Q3957782,1976–77 Serie C,
,Q426046,1977 Allsvenskan,
,Q2474109,1977 Uruguayan Primera División,
,Q2948843,1977–78 Algerian Championnat National,
,Q2551716,1977–78 Alpha Ethniki,
,Q1230991,1977–78 French Division 1,
,Q683350,1977–78 French Division 2,
,Q838351,1977–78 La Liga,
,Q1415486,1977–78 Serie A,
,Q3957513,1977–78 Serie B,
,Q3957783,1977–78 Serie C,
,Q648320,1978 Allsvenskan,
,Q2474123,1978 Uruguayan Primera División,
,Q2948844,1978–79 Algerian Championnat National,
,Q3562361,1978–79 Alpha Ethniki,
,Q1230993,1978–79 French Division 1,
,Q1231214,1978–79 French Division 2,
,Q781091,1978–79 La Liga,
,Q538427,1978–79 Serie A,
,Q734841,1978–79 Serie B,
,Q959452,1979 Allsvenskan,
,Q2474136,1979 Uruguayan Primera División,
,Q2948846,1979–80 Algerian Championnat National,
,Q2551709,1979–80 Alpha Ethniki,
,Q1230998,1979–80 French Division 1,
,Q1231209,1979–80 French Division 2,
,Q838354,1979–80 La Liga,
,Q731654,1979–80 Serie A,
,Q3957522,1979–80 Serie B,
,Q630908,1980 Allsvenskan,
,Q2640303,1980 Uruguayan Primera División,
,Q2948847,1980–81 Algerian Championnat National,
,Q2551691,1980–81 Alpha Ethniki,
,Q590695,1980–81 French Division 1,
,Q1231205,1980–81 French Division 2,
,Q280174,1980–81 La Liga,
,Q907631,1980–81 Serie A,
,Q3957525,1980–81 Serie B,
reep_s64ce9c43,Q1061692,1981 Allsvenskan,
,Q975233,1981 Uruguayan Primera División,
,Q2551680,1981–82 Alpha Ethniki,
,Q970254,1981–82 French Division 1,
,Q1231218,1981–82 French Division 2,
,Q720621,1981–82 La Liga,
,Q909140,1981–82 Serie A,
,Q3957528,1981–82 Serie B,
reep_s2549582a,Q1061593,1982 Allsvenskan,
,Q978577,1982 Uruguayan Primera División,
,Q2948849,1982–83 Algerian Championnat National,
,Q2951599,1982–83 Alpha Ethniki,
,Q185779,1982–83 French Division 1,
,Q1231216,1982–83 French Division 2,
,Q615583,1982–83 La Liga,
,Q907646,1982–83 Serie A,
,Q3957534,1982–83 Serie B,
,Q6185247,1983 Allsvenskan,
,Q623774,1983 K-League,
,Q535665,1983 Uruguayan Primera División,
,Q2948850,1983–84 Algerian Championnat National,
,Q2552660,1983–84 Alpha Ethniki,
,Q1231013,1983–84 French Division 1,
,Q1231220,1983–84 French Division 2,
,Q719848,1983–84 La Liga,
,Q909152,1983–84 Serie A,
,Q3957537,1983–84 Serie B,
,Q278726,1984 Allsvenskan,
,Q624989,1984 K-League,
,Q2638396,1984 Uruguayan Primera División,
,Q2948851,1984–85 Algerian Championnat National,
,Q2552716,1984–85 Alpha Ethniki,
,Q1231023,1984–85 French Division 1,
,Q1231227,1984–85 French Division 2,
,Q720573,1984–85 La Liga,
,Q748529,1984–85 Serie A,
,Q3957540,1984–85 Serie B,
,Q510895,1985 Allsvenskan,
,Q493152,1985 K-League,
,Q2473981,1985 Uruguayan Primera División,
,Q2948853,1985–86 Algerian Championnat National,
,Q2552301,1985–86 Alpha Ethniki,
,Q1231030,1985–86 French Division 1,
,Q1231229,1985–86 French Division 2,
,Q370166,1985–86 La Liga,
,Q909161,1985–86 Serie A,
,Q3957538,1985–86 Serie B,
reep_s0f456d86,Q1061481,1986 Allsvenskan,
,Q493159,1986 K-League,
,Q2473996,1986 Uruguayan Primera División,
,Q2948854,1986–87 Algerian Championnat National,
,Q2552234,1986–87 Alpha Ethniki,
,Q962508,1986–87 French Division 1,
,Q1231231,1986–87 French Division 2,
,Q528439,1986–87 La Liga,
,Q776012,1986–87 Serie A,
,Q3957541,1986–87 Serie B,
,Q740633,1987 Allsvenskan,
,Q493172,1987 K-League,
,Q2473958,1987 Uruguayan Primera División,
,Q2948856,1987–88 Algerian Championnat National,
,Q2552288,1987–88 Alpha Ethniki,
,Q1231036,1987–88 French Division 1,
,Q1146883,1987–88 French Division 2,
,Q720590,1987–88 La Liga,
,Q202657,1987–88 Serie A,
,Q3957544,1987–88 Serie B,
,Q940885,1988 Allsvenskan,
,Q493197,1988 K-League,
,Q2473970,1988 Uruguayan Primera División,
,Q2948857,1988–89 Algerian Championnat National,
,Q2552646,1988–89 Alpha Ethniki,
,Q1231043,1988–89 French Division 1,
,Q1231233,1988–89 French Division 2,
,Q680174,1988–89 La Liga,
,Q727425,1988–89 Serie A,
,Q3957547,1988–89 Serie B,
reep_sfaaf1169,Q1061442,1989 Allsvenskan,
,Q493186,1989 K-League,
,Q2638749,1989 Uruguayan Primera División,
,Q2948858,1989–90 Algerian Championnat National,
,Q2552691,1989–90 Alpha Ethniki,
,Q1231055,1989–90 French Division 1,
reep_se4d6e516,Q1029035,1989–90 French Division 2,
,Q577267,1989–90 La Liga,
,Q907715,1989–90 Serie A,
,Q3957550,1989–90 Serie B,
,Q532503,1990 Allsvenskan,
,Q493412,1990 K-League,
,Q2638761,1990 Uruguayan Primera División,
,Q2948859,1990–91 Algerian Championnat National,
,Q2552211,1990–91 Alpha Ethniki,
,Q941377,1990–91 French Division 1,
,Q1231239,1990–91 French Division 2,
,Q283923,1990–91 La Liga,
,Q844321,1990–91 Serie A,
,Q3957551,1990–91 Serie B,
,Q608982,1991 Allsvenskan,
,Q493418,1991 K-League,
,Q2638329,1991 Uruguayan Primera División,
,Q2948860,1991–92 Algerian Championnat National,
,Q2552725,1991–92 Alpha Ethniki,
,Q1231065,1991–92 French Division 1,
,Q1231242,1991–92 French Division 2,
,Q720554,1991–92 La Liga,
,Q838760,1991–92 Serie A,
,Q3957553,1991–92 Serie B,
,Q376312,1992 Allsvenskan,
,Q493421,1992 K-League,
,Q2638805,1992 Uruguayan Primera División,
,Q2948862,1992–93 Algerian Championnat National,
,Q2723610,1992–93 Alpha Ethniki,
,Q837731,1992–93 FA Premier League,
,Q1231072,1992–93 French Division 1,
,Q1231237,1992–93 French Division 2,
,Q178301,1992–93 La Liga,
,Q843573,1992–93 Serie A,
,Q3957555,1992–93 Serie B,
reep_s0e0f70c5,Q1061628,1993 Allsvenskan,
,Q493268,1993 K-League,
,Q2474098,1993 Uruguayan Primera División,
,Q2948863,1993–94 Algerian Championnat National,
,Q2552920,1993–94 Alpha Ethniki,
,Q841303,1993–94 FA Premier League,
,Q1231076,1993–94 French Division 1,
,Q1231244,1993–94 French Division 2,
reep_s39ac6037,Q1087024,1993–94 Gambrinus liga,
,Q720582,1993–94 La Liga,
,Q843569,1993–94 Serie A,
,Q3957558,1993–94 Serie B,
,Q339792,1994 Allsvenskan,
,Q493284,1994 K-League,
,Q2474567,1994 Uruguayan Primera División,
,Q2948864,1994–95 Algerian Championnat National,
,Q2552935,1994–95 Alpha Ethniki,
,Q225273,1994–95 FA Premier League,
,Q781448,1994–95 French Division 1,
,Q1231241,1994–95 French Division 2,
,Q1193514,1994–95 Gambrinus liga,
,Q720601,1994–95 La Liga,
,Q838282,1994–95 Serie A,
,Q3957560,1994–95 Serie B,
reep_sbc65c4f1,Q1061435,1995 Allsvenskan,
,Q493259,1995 K-League,
,Q2638366,1995 Uruguayan Primera División,
,Q2948866,1995–96 Algerian Championnat National,
,Q2552880,1995–96 Alpha Ethniki,
,Q841266,1995–96 FA Premier League,
,Q1231080,1995–96 French Division 1,
,Q641818,1995–96 French Division 2,
reep_s9d919014,Q1080222,1995–96 Gambrinus liga,
,Q720540,1995–96 La Liga,
,Q644108,1995–96 Serie A,
,Q3957562,1995–96 Serie B,
,Q947765,1996 Allsvenskan,
,Q623940,1996 K-League,
,Q605251,1996 Major League Soccer season,
,Q39451,1996 Uruguayan Primera División,
,Q2948867,1996–97 Algerian Championnat National,
,Q2552909,1996–97 Alpha Ethniki,
,Q533191,1996–97 FA Premier League,
,Q1231091,1996–97 French Division 1,
,Q1231248,1996–97 French Division 2,
,Q971187,1996–97 Gambrinus liga,
,Q721283,1996–97 La Liga,
,Q772832,1996–97 Serie A,
,Q3957567,1996–97 Serie B,
reep_sc5caeb7c,Q1082277,1997 Allsvenskan,
,Q498296,1997 K-League,
,Q1784939,1997 Major League Soccer season,
,Q2638352,1997 Uruguayan Primera División,
,Q2948868,1997–98 Algerian Championnat National,
,Q2552627,1997–98 Alpha Ethniki,
,Q18995,1997–98 FA Premier League,
,Q532980,1997–98 French Division 1,
,Q283249,1997–98 French Division 2,
,Q2569941,1997–98 Gambrinus liga,
,Q223368,1997–98 La Liga,
,Q865552,1997–98 Serie A,
,Q3957566,1997–98 Serie B,
,Q120343,1998 Allsvenskan,
,Q625156,1998 K-League,
,Q1249095,1998 Major League Soccer season,
,Q2638341,1998 Uruguayan Primera División,
,Q2948869,1998–99 Algerian Championnat National,
,Q2723593,1998–99 Alpha Ethniki,
,Q628453,1998–99 FA Premier League,
,Q530762,1998–99 French Division 1,
,Q141601,1998–99 French Division 2,
,Q2572387,1998–99 Gambrinus liga,
,Q644045,1998–99 La Liga,
,Q754684,1998–99 Serie A,
,Q1687285,1998–99 Serie B,
reep_sc8d37e07,Q1061495,1999 Allsvenskan,
,Q625200,1999 K-League,
,Q1785470,1999 Major League Soccer season,
,Q60379,1999 Uruguayan Primera División,
,Q2948871,1999–2000 Algerian Championnat National,
,Q693006,1999–2000 Alpha Ethniki,
,Q18991,1999–2000 FA Premier League,
,Q1231109,1999–2000 French Division 1,
,Q1231257,1999–2000 French Division 2,
,Q613844,1999–2000 Gambrinus liga,
,Q1488480,1999–2000 La Liga,
,Q755113,1999–2000 Serie A,
,Q2273658,1999–2000 Serie B,
reep_s59b55e2f,Q1061447,2000 Allsvenskan,
,Q13053506,2000 Armenian First League,
,Q493583,2000 K-League,
,Q1784910,2000 Major League Soccer season,
,Q164319,2000 Superettan,
,Q73275,2000 Uruguayan Primera División,
,Q2948872,2000–01 Algerian Championnat National,
,Q2552901,2000–01 Alpha Ethniki,
,Q833562,2000–01 FA Premier League,
,Q1231114,2000–01 French Division 1,
,Q328463,2000–01 French Division 2,
,Q2572414,2000–01 Gambrinus liga,
,Q677224,2000–01 La Liga,
,Q4598253,2000–01 Leeds United A.F.C. season,
,Q543205,2000–01 Serie A,
,Q282724,2000–01 Serie B,
reep_s0dab1eda,Q1061781,2001 Allsvenskan,
,Q13053504,2001 Armenian First League,
,Q498464,2001 K-League,
,Q1322008,2001 Major League Soccer season,
,Q2367492,2001 Superettan,
,Q116050,2001 Uruguayan Primera División,
,Q2948873,2001–02 Algerian Championnat National,
,Q2723945,2001–02 Alpha Ethniki,
,Q338385,2001–02 FA Premier League,
,Q954595,2001–02 French Division 1,
,Q1231252,2001–02 French Division 2,
,Q2569950,2001–02 Gambrinus liga,
,Q720578,2001–02 La Liga,
,Q754493,2001–02 Serie A,
,Q500469,2001–02 Serie B,
,Q222914,2002 Allsvenskan,
,Q13053509,2002 Armenian First League,
,Q498790,2002 K-League,
,Q1785566,2002 Major League Soccer season,
,Q2367498,2002 Superettan,
,Q152740,2002 Uruguayan Primera División,
,Q2948874,2002–03 Algerian Championnat National,
,Q612544,2002–03 Alpha Ethniki,
,Q817255,2002–03 FA Premier League,
,Q2569929,2002–03 Gambrinus liga,
,Q603403,2002–03 La Liga,
,Q665505,2002–03 Ligue 1,
,Q1824765,2002–03 Ligue 2,
,Q691294,2002–03 Serie A,
,Q205941,2002–03 Serie B,
,Q683576,2003 Allsvenskan,
,Q16387786,2003 Armenian First League,
,Q625195,2003 K-League,
,Q370315,2003 Major League Soccer season,
,Q2367509,2003 Superettan,
,Q169386,2003 Uruguayan Primera División,
,Q2948875,2003–04 Algerian Championnat National,
,Q2661126,2003–04 Alpha Ethniki,
,Q817262,2003–04 FA Premier League,
,Q2572374,2003–04 Gambrinus liga,
,Q697226,2003–04 La Liga,
,Q728156,2003–04 Ligue 1,
,Q1285413,2003–04 Ligue 2,
,Q755519,2003–04 Serie A,
,Q846518,2003–04 Serie B,
,Q933234,2004 Allsvenskan,
,Q13053513,2004 Armenian First League,
,Q625191,2004 K-League,
,Q1318570,2004 Major League Soccer season,
reep_s13c7574f,Q1029286,2004 Superettan,
,Q349137,2004 Uruguayan Primera División,
,Q2948876,2004–05 Algerian Championnat National,
,Q980822,2004–05 Alpha Ethniki,
,Q456869,2004–05 FA Premier League,
,Q2569933,2004–05 Gambrinus liga,
,Q719854,2004–05 La Liga,
,Q1351840,2004–05 Ligue 1,
,Q1359729,2004–05 Ligue 2,
,Q518566,2004–05 Serie A,
,Q1296678,2004–05 Serie B,
,Q581759,2005 Allsvenskan,
,Q4603967,2005 Armenian First League,
,Q625187,2005 K-League,
,Q1786301,2005 Major League Soccer season,
,Q2367515,2005 Superettan,
,Q400495,2005 Uruguayan Primera División,
,Q2948884,2005–06 Algerian Championnat National,
,Q2720891,2005–06 Alpha Ethniki,
,Q269486,2005–06 FA Premier League,
,Q1493016,2005–06 Gambrinus liga,
,Q162977,2005–06 La Liga,
,Q1332538,2005–06 Ligue 1,
,Q7879046,2005–06 Ligue 2,
,Q643978,2005–06 Serie A,
,Q379192,2005–06 Serie B,
,Q2623122,2005–06 Uruguayan Primera División,
,Q374042,2006 Allsvenskan,
,Q4605772,2006 Armenian First League,
,Q1886152,2006 Major League Soccer season,
,Q1747378,2006 Superettan,
,Q2001580,2006–07 Algerian Championnat National,
,Q190112,2006–07 FA Premier League,
,Q177129,2006–07 Gambrinus liga,
,Q476653,2006–07 La Liga,
,Q1142993,2006–07 Ligue 1,
,Q1131969,2006–07 Ligue 2,
,Q728459,2006–07 Serie A,
,Q1814042,2006–07 Serie B,
,Q2608516,2006–07 Superleague Greece,
,Q2623114,2006–07 Uruguayan Primera División,
,Q145191,2007 Allsvenskan,
,Q4607910,2007 Armenian First League,
,Q1886150,2007 Major League Soccer season,
,Q911738,2007 Superettan,
,Q2001551,2007–08 Algerian Championnat National,
,Q781462,2007–08 Gambrinus liga,
,Q244367,2007–08 La Liga,
,Q519120,2007–08 Ligue 1,
,Q2951059,2007–08 Ligue 2,
,Q187376,2007–08 Premier League,
,Q381013,2007–08 Serie A,
,Q676744,2007–08 Serie B,
,Q1933988,2007–08 Superleague Greece,
,Q889062,2007–08 Uruguayan Primera División season,
,Q1439567,2008 Allsvenskan,
,Q4610513,2008 Armenian First League,
,Q1886155,2008 Major League Soccer season,
,Q911749,2008 Superettan,
,Q2462332,2008–09 Algerian Championnat National,
reep_sf44ce7ac,Q1086975,2008–09 Gambrinus liga,
,Q245398,2008–09 La Liga,
,Q643911,2008–09 Ligue 1,
,Q1131633,2008–09 Ligue 2,
,Q186869,2008–09 Premier League,
,Q474577,2008–09 Serie A,
,Q900917,2008–09 Serie B,
reep_s4b952c0e,Q1050077,2008–09 Superleague Greece,
reep_s4f387ca1,Q1030181,2008–09 Uruguayan Primera División season,
reep_s620a18e8,Q1067496,2009 Allsvenskan,
,Q4613218,2009 Armenian First League,
,Q1886156,2009 Major League Soccer season,
,Q252261,2009 Superettan,
,Q2001571,2009–10 Algerian Championnat National,
,Q746077,2009–10 Gambrinus liga,
,Q208362,2009–10 La Liga,
,Q738257,2009–10 Ligue 1,
,Q1824784,2009–10 Ligue 2,
,Q188937,2009–10 Premier League,
,Q223724,2009–10 Serie A,
,Q301770,2009–10 Serie B,
,Q923671,2009–10 Superleague Greece,
,Q1257503,2009–10 Uruguayan Primera División season,
,Q255554,2010 Allsvenskan,
,Q3293795,2010 Armenian First League,
,Q1886160,2010 Major League Soccer season,
,Q1136479,2010 Superettan,
,Q2011074,2010–11 Algerian Ligue Professionnelle 1,
reep_s53ad1d9e,Q1080647,2010–11 Gambrinus liga,
,Q19043,2010–11 La Liga,
,Q725987,2010–11 Ligue 1,
,Q1651036,2010–11 Ligue 2,
,Q186980,2010–11 Premier League,
,Q276204,2010–11 Serie A,
reep_s7a266407,Q1080136,2010–11 Serie B,
,Q1194166,2010–11 Superleague Greece,
,Q2706067,2010–11 Uruguayan Primera División season,
,Q667968,2011 Allsvenskan,
,Q4620340,2011 Armenian First League,
,Q1650271,2011 Major League Soccer season,
,Q1165885,2011 Superettan,
,Q2597577,2011 World Football Challenge,
,Q2616765,2011–12 Algerian Ligue Professionnelle 1,
,Q114705986,2011–12 Bangladesh Women's Football League,
,Q1493024,2011–12 Gambrinus liga,
,Q207595,2011–12 La Liga,
,Q636985,2011–12 Ligue 1,
,Q167534,2011–12 Ligue 2,
,Q1489492,2011–12 Premier League,
,Q240669,2011–12 Serie A,
,Q1311948,2011–12 Serie B,
,Q1968684,2011–12 Superleague Greece,
,Q2627523,2011–12 Uruguayan Primera División season,
,Q116522,2012 Allsvenskan,
,Q1293120,2012 Major League Soccer season,
,Q1147923,2012 Superettan,
,Q3078393,2012 World Football Challenge,
,Q2948890,2012–13 Algerian Ligue Professionnelle 1,
,Q16685400,2012–13 Armenian First League,
,Q114697841,2012–13 Bangladesh Women's Football League,
,Q1493014,2012–13 Gambrinus liga,
,Q720018,2012–13 La Liga,
,Q916955,2012–13 Ligue 1,
,Q167591,2012–13 Ligue 2,
,Q388682,2012–13 Premier League,
,Q842180,2012–13 Serie A,
,Q1389939,2012–13 Serie B,
,Q990558,2012–13 Superleague Greece,
,Q4628876,2012–13 Uruguayan Primera División season,
,Q1439557,2013 Allsvenskan,
,Q4629489,2013 K League Classic,
,Q3012026,2013 Major League Soccer season,
,Q4629900,2013 Superettan,
,Q13390353,2013–14 Algerian Ligue Professionnelle 1,
,Q16685402,2013–14 Armenian First League,
,Q13420217,2013–14 Gambrinus liga,
,Q6086248,2013–14 La Liga,
,Q9022515,2013–14 Ligue 1,
,Q14565148,2013–14 Ligue 2,
,Q11607290,2013–14 Premier League,
,Q9076286,2013–14 Serie A,
,Q14029305,2013–14 Serie B,
,Q11755887,2013–14 Superleague Greece,
,Q14912070,2013–14 Uruguayan Primera División season,
,Q15123498,2014 Allsvenskan,
,Q15618574,2014 K League Classic,
,Q15233253,2014 Major League Soccer season,
,Q15123510,2014 Superettan,
,Q17175891,2014–15 Algerian Ligue Professionnelle 1,
,Q18125717,2014–15 Armenian First League,
,Q16831509,2014–15 Czech First League,
,Q16835057,2014–15 Divisione Unica,
,Q16600574,2014–15 La Liga,
,Q16335962,2014–15 Ligue 1,
,Q16537500,2014–15 Ligue 2,
,Q16011788,2014–15 Premier League,
,Q16972546,2014–15 Segunda División,
,Q15847307,2014–15 Serie A,
,Q16835086,2014–15 Serie B,
,Q16851149,2014–15 Superleague Greece,
,Q17524056,2014–15 Uruguayan Primera División season,
,Q18208572,2015 Allsvenskan,
,Q18604756,2015 K League Classic,
,Q16596994,2015 Major League Soccer season,
,Q18208578,2015 Superettan,
,Q19913723,2015–16 Algerian Ligue Professionnelle 1,
,Q20806338,2015–16 Armenian First League,
,Q20119917,2015–16 Czech First League,
,Q16621994,2015–16 La Liga,
,Q20180485,2015–16 Lega Pro,
,Q19820211,2015–16 Ligue 1,
,Q19952019,2015–16 Ligue 2,
,Q19346732,2015–16 Premier League,
,Q19309054,2015–16 Serie A,
,Q20011271,2015–16 Serie B,
,Q20648080,2015–16 Superleague Greece,
,Q19848822,2015–16 Uruguayan Primera División season,
,Q21286604,2016 Allsvenskan,
,Q21575515,2016 K League Classic,
,Q18999882,2016 Major League Soccer season,
,Q21422591,2016 Superettan,
,Q22084928,2016 Uruguayan Primera División season,
,Q23309178,2016–17 Algerian Ligue Professionnelle 1,
,Q48852321,2016–17 Armenian First League,
,Q25201859,2016–17 Czech First League,
,Q23497990,2016–17 La Liga,
,Q24699706,2016–17 Lega Pro,
,Q22683328,2016–17 Ligue 1,
,Q24347791,2016–17 Ligue 2,
,Q23009701,2016–17 Premier League,
,Q23728326,2016–17 Serie A,
,Q24262131,2016–17 Serie B,
,Q23719469,2016–17 Superleague Greece,
,Q27791802,2017 Allsvenskan,
,Q27688769,2017 K League Classic,
,Q27990828,2017 Major League Soccer season,
,Q27920172,2017 Superettan,
,Q28058902,2017 Uruguayan Primera División season,
,Q30457381,2017–18 Algerian Ligue Professionnelle 1,
,Q37981439,2017–18 Armenian First League,
,Q30338944,2017–18 Czech First League,
,Q24529775,2017–18 La Liga,
,Q29042845,2017–18 Ligue 1,
,Q30006732,2017–18 Ligue 2,
,Q28842253,2017–18 Premier League,
,Q28820477,2017–18 Serie A,
,Q29857147,2017–18 Serie B,
,Q30125744,2017–18 Superleague Greece,
,Q30104976,2017–2018 Serie C,
,Q42308241,2018 Allsvenskan,
,Q43284487,2018 K League 1,
,Q42530846,2018 Major League Soccer season,
,Q42300508,2018 Superettan,
,Q30916555,2018 Uruguayan Primera División season,
,Q54560333,2018–19 Algerian Ligue Professionnelle 1,
,Q56479937,2018–19 Armenian First League,
,Q54401553,2018–19 Czech First League,
,Q50383829,2018–19 La Liga,
,Q51546683,2018–19 Ligue 1,
,Q52637834,2018–19 Ligue 2,
,Q39052816,2018–19 Premier League,
,Q48782372,2018–19 Serie A,
,Q52554512,2018–19 Serie B,
,Q54866671,2018–19 Serie C,
,Q54085113,2018–19 Superleague Greece,
,Q58875375,2019 Allsvenskan,
,Q58232759,2019 K League 1,
,Q58327598,2019 Major League Soccer season,
,Q58875408,2019 Superettan,
,Q60221532,2019 Uruguayan Primera División season,
,Q65044491,2019–20 Algerian Ligue Professionnelle 1,
,Q66499296,2019–20 Armenian First League,
,Q84603343,2019–20 Bangladesh Women's Football League,
,Q64005772,2019–20 Czech First League,
,Q61686471,2019–20 La Liga,
,Q61862323,2019–20 Ligue 1,
,Q64084611,2019–20 Ligue 2,
,Q60439913,2019–20 Premier League,
,Q61686413,2019–20 Serie A,
,Q63483542,2019–20 Serie B,
,Q64875942,2019–20 Serie C,
,Q64268674,2019–20 Superleague Greece,
,Q73386476,2020 Allsvenskan,
,Q74483580,2020 K League 1,
,Q71819887,2020 Major League Soccer season,
,Q73386659,2020 Superettan,
,Q80958266,2020 Uruguayan Primera División season,
,Q97685831,2020–21 Algerian Ligue Professionnelle 1,
reep_sca9705af,Q104414493,2020–21 Armenian First League,
reep_s9c0b2011,Q106179349,2020–21 Bangladesh Women's Football League,
,Q96370740,2020–21 Czech First League,
,Q76412544,2020–21 La Liga,
,Q92604658,2020–21 Ligue 1,
,Q94939968,2020–21 Ligue 2,
,Q69622172,2020–21 Premier League,
,Q92922210,2020–21 Serie A,
,Q97798421,2020–21 Serie B,
,Q97461288,2020–21 Serie C,
,Q97143919,2020–21 Super League Greece,
,Q99294512,2021 Allsvenskan,
reep_s680384a8,Q104244615,2021 K League 1,
reep_s787afbb5,Q103821894,2021 Major League Soccer season,
reep_s8fb044f7,Q104120421,2021 Superettan,
reep_s726db30a,Q106316876,2021 Uruguayan Primera División season,
reep_sfbcf8eb6,Q108353317,2021–22 Algerian Ligue Professionnelle,
reep_s2bcf969a,Q108464389,2021–22 Armenian First League,
,Q114697566,2021–22 Bangladesh Women's Football League,
reep_s8f7162b7,Q106595186,2021–22 Czech First League,
reep_s96d8c68d,Q105770426,2021–22 La Liga,
reep_s1da67012,Q104555110,2021–22 Ligue 1,
reep_sbb8e34ca,Q106703870,2021–22 Ligue 2,
reep_s9dadf385,Q105718943,2021–22 Premier League,
reep_s126585f3,Q104599603,2021–22 Serie A,
reep_sa64a4bbb,Q106642003,2021–22 Serie B,
reep_sd605b80c,Q107143970,2021–22 Serie C,
reep_s3151dcd5,Q106472962,2021–22 Super League Greece,
reep_sb185502d,Q109304978,2022 Allsvenskan,
reep_sceadb6d2,Q109288557,2022 K League 1,
reep_s6ebafb7c,Q109500878,2022 Major League Soccer season,
reep_s80453b37,Q109305014,2022 Superettan,
reep_s6d3b8859,Q109648036,2022 Uruguayan Primera División season,
,Q112663529,2022–23 Algerian Ligue Professionnelle 1,
,Q114392039,2022–23 Armenian First League,
,Q121461621,2022–23 Bangladesh Women's Football League,
,Q111986147,2022–23 Czech First League,
,Q111134893,2022–23 La Liga,
,Q112744803,2022–23 Ligue 1,
,Q111812027,2022–23 Ligue 2,
,Q111134726,2022–23 Premier League,
,Q111136037,2022–23 Serie A,
,Q111696645,2022–23 Serie B,
,Q112052233,2022–23 Serie C,
,Q111962847,2022–23 Super League Greece,
,Q111461257,2023 Allsvenskan,
,Q114953786,2023 K League 1,
,Q111461779,2023 Major League Soccer season,
,Q111461249,2023 Superettan,
,Q114810635,2023 Uruguayan Primera División season,
,Q118875055,2023–24 Algerian Ligue Professionnelle 1,
,Q118746695,2023–24 Czech First League,
,Q117246391,2023–24 La Liga,
,Q117008002,2023–24 Ligue 1,
,Q118133579,2023–24 Ligue 2,
,Q116977381,2023–24 Premier League,
,Q116998560,2023–24 Serie A,
,Q118110376,2023–24 Serie B,
,Q118727553,2023–24 Serie C,
,Q117485249,2023–24 Super League Greece,
,Q114841734,2024 Allsvenskan,
,Q124052965,2024 K League 1,
,Q123412108,2024 Major League Soccer season,
,Q114841742,2024 Superettan,
,Q123579365,2024 Uruguayan Primera División season,
,Q126946419,2024–25 Algerian Ligue Professionnelle 1,
,Q126612001,2024–25 Czech First League,
,Q124538312,2024–25 La Liga,
,Q124742150,2024–25 Ligue 1,
,Q125908156,2024–25 Ligue 2,
,Q124371422,2024–25 Premier League,
,Q125315770,2024–25 Serie A,
,Q125727504,2024–25 Serie B,
,Q125727519,2024–25 Serie C,
,Q126689076,2024–25 Super League Greece,
,Q116192885,2025 Allsvenskan,
,Q131411367,2025 K League 1,
,Q130686780,2025 Major League Soccer season,
,Q116192898,2025 Superettan,
,Q131370708,2025 Uruguayan Primera División season,
,Q134298909,2025-26 Serie C,
,Q134183243,2025-26 Super League Greece,
,Q135440582,2025–26 Algerian Ligue Professionnelle 1,
,Q137538198,2025–26 Bangladesh Women's Football League,
,Q133500362,2025–26 Czech First League,
,Q134006053,2025–26 La Liga,
,Q133456023,2025–26 Ligue 1,
,Q134420908,2025–26 Ligue 2,
,Q132674557,2025–26 Premier League,
,Q133730427,2025–26 Serie A,
,Q134053324,2025–26 Serie B,
,Q122108935,2026 Allsvenskan,
,Q137295655,2026 K League 1,
,Q137427097,2026 Liga AUF Uruguaya,
,Q135036041,2026 Major League Soccer season,
,Q122109205,2026 Superettan,
,Q130676849,2027 Allsvenskan,
,Q130677026,2027 Superettan,
,Q130676854,2028 Allsvenskan,
,Q130677078,2028 Superettan,
,Q130676861,2029 Allsvenskan,
,Q130677108,2029 Superettan,
,Q130676865,2030 Allsvenskan,
,Q130677172,2030 Superettan,
,Q130676902,2031 Allsvenskan,
,Q130677219,2031 Superettan,
,Q13053499,Aradschin chumb 1992,
,Q16387785,Aradschin chumb 1993,
,Q13053501,Aradschin chumb 1994,
,Q13053512,Aradschin chumb 1995,
,Q13053502,Aradschin chumb 1995/96,
,Q13053515,Aradschin chumb 1996/97,
,Q13053514,Aradschin chumb 1997,
,Q13053508,Aradschin chumb 1998,
,Q13053511,Aradschin chumb 1999,
,Q2948848,Championnat d'algérie de football 1981-1982,
,Q1230793,Division 1 1939/40,
,Q820023,Division 1 1940/41,
,Q820070,Division 1 1941/42,
,Q1230794,Division 1 1942/43,
,Q820305,Division 1 1943/44,
,Q820076,Division 1 1944/45,
,Q96210090,MLS is Back Tournament,
,Q11802611,Panellenio Protathlema,
,Q12882998,Protathlema SEGAS,
,Q55832101,Serie B 2004,
,Q55832126,Serie B 2005,
,Q55832120,Serie B 2006,
,Q55832138,Serie B 2007,
,Q55832005,Serie B 2008,
,Q55832004,Serie B 2009,
,Q55832003,Serie B 2010,
,Q55832002,Serie B 2011,
,Q55831938,Serie B 2012,
,Q55831937,Serie B 2013,
,Q55831933,Serie B 2015,
,Q55831927,Serie B 2016,
,Q55831829,Serie B 2017,
,Q55831821,Serie B 2018,
,Q63522579,Serie B 2019 (pallapugno),
,Q16487341,Serie B di pallapugno 2014,
,Q3957747,Serie C 1945-1946,
,Q3957745,Serie C 1945-1946,
,Q16523410,ΕΠΣ Ελλάδος 1923–24,
,Q12882996,Πανελλήνιο πρωτάθλημα ποδοσφαίρου ανδρών 1914-1915,
,Q16331779,Πανελλήνιο πρωτάθλημα ποδοσφαίρου ανδρών 1915-1916,
,Q12883767,Πρωτάθλημα ΕΠΣ Αθηνών-Πειραιώς 1920-1921,
,Q12883765,Πρωτάθλημα ΕΠΣ Αθηνών-Πειραιώς 1922-1923,
